<?xml version="1.0" encoding="UTF-8"?>

<FLOW VERSION="3.0" CLEANUP="true">
  <COMMENT></COMMENT>

  <!-- nodes -->

<SEQUENCE TIMEOUT="" EXIT-ON="FAILURE">
  <COMMENT></COMMENT>

  <!-- nodes -->

<MAP TIMEOUT="" MODE="STANDALONE">
  <COMMENT>WebService Descriptor and Operation</COMMENT>

  <!-- nodes -->

<MAPSET NAME="Setter" OVERWRITE="true" VARIABLES="false" GLOBALVARIABLES="false" FIELD="/wsdOperationName;1;0">
  <DATA ENCODING="XMLValues" I18N="true">

<Values version="2.0">
  <value name="xml">calculateUnitPrice</value>
</Values>
</DATA>
</MAPSET>
</MAP>

<BRANCH TIMEOUT="" SWITCH="/_port">
  <COMMENT></COMMENT>

  <!-- nodes -->

<MAP NAME="OTCInterfaceManagerPort" TIMEOUT="" MODE="STANDALONE">
  <COMMENT></COMMENT>

  <!-- nodes -->

<MAPSET NAME="Setter" OVERWRITE="true" VARIABLES="false" GLOBALVARIABLES="false" FIELD="/binding;1;0">
  <DATA ENCODING="XMLValues" I18N="true">

<Values version="2.0">
  <value name="xml">OTCInterfaceManagerPortBinding</value>
</Values>
</DATA>
</MAPSET>

<MAPSET NAME="Setter" OVERWRITE="true" VARIABLES="false" GLOBALVARIABLES="false" FIELD="/address;1;0">
  <DATA ENCODING="XMLValues" I18N="true">

<Values version="2.0">
  <value name="xml">https://n1w0000051.jnj.com:9271/DV920/OTCInterfaceManager</value>
</Values>
</DATA>
</MAPSET>
</MAP>

<MAP NAME="$default" TIMEOUT="" MODE="STANDALONE">
  <COMMENT></COMMENT>

  <!-- nodes -->

<MAPSET NAME="Setter" OVERWRITE="true" VARIABLES="false" GLOBALVARIABLES="false" FIELD="/binding;1;0">
  <DATA ENCODING="XMLValues" I18N="true">

<Values version="2.0">
  <value name="xml">OTCInterfaceManagerPortBinding</value>
</Values>
</DATA>
</MAPSET>

<MAPSET NAME="Setter" OVERWRITE="true" VARIABLES="false" GLOBALVARIABLES="false" FIELD="/address;1;0">
  <DATA ENCODING="XMLValues" I18N="true">

<Values version="2.0">
  <value name="xml">https://n1w0000051.jnj.com:9271/DV920/OTCInterfaceManager</value>
</Values>
</DATA>
</MAPSET>
</MAP>
</BRANCH>

<BRANCH TIMEOUT="" SWITCH="/_url">
  <COMMENT></COMMENT>

  <!-- nodes -->

<MAP NAME="$null" TIMEOUT="" MODE="STANDALONE">
  <COMMENT></COMMENT>
</MAP>

<MAP NAME="$default" TIMEOUT="" MODE="STANDALONE">
  <COMMENT></COMMENT>

  <!-- nodes -->

<MAPCOPY NAME="Link" FROM="/_url;1;0" TO="/address;1;0">
</MAPCOPY>
</MAP>
</BRANCH>

<BRANCH TIMEOUT="" SWITCH="/binding">
  <COMMENT></COMMENT>

  <!-- nodes -->

<SEQUENCE NAME="OTCInterfaceManagerPortBinding" TIMEOUT="" EXIT-ON="FAILURE">
  <COMMENT></COMMENT>

  <!-- nodes -->

<MAP TIMEOUT="" MODE="STANDALONE">
  <COMMENT></COMMENT>

  <!-- nodes -->

<MAPCOPY NAME="Link" FROM="/ns0:calculateUnitPrice;4;0;MU007_USREGION_Pricing_v1.ContractPrice.sourceSAP.connectors.contractPrice_BWI.calculateUnitPrice_.docTypes:docTypeRef_ns0_calculateUnitPriceVO" TO="/request;2;0/ns0:calculateUnitPrice;2;0">
</MAPCOPY>

<MAPDELETE NAME="Dropper" FIELD="/binding;1;0">
</MAPDELETE>

<MAPSET NAME="Setter" OVERWRITE="true" VARIABLES="false" GLOBALVARIABLES="false" FIELD="/wsdBinderName;1;0">
  <DATA ENCODING="XMLValues" I18N="true">

<Values version="2.0">
  <value name="xml">OTCInterfaceManagerPortBinding</value>
</Values>
</DATA>
</MAPSET>

<MAPSET NAME="Setter" OVERWRITE="true" VARIABLES="false" GLOBALVARIABLES="false" FIELD="/soapProtocol;1;0">
  <DATA ENCODING="XMLValues" I18N="true">

<Values version="2.0">
  <value name="xml">SOAP 1.1 Protocol</value>
</Values>
</DATA>
</MAPSET>
</MAP>

<INVOKE TIMEOUT="" SERVICE="pub.client:soapClient" VALIDATE-IN="$none" VALIDATE-OUT="$none">
  <COMMENT></COMMENT>

  <!-- nodes -->

<MAP MODE="INPUT">
  <COMMENT></COMMENT>

  <!-- nodes -->

<MAPSET NAME="Setter" OVERWRITE="true" VARIABLES="false" GLOBALVARIABLES="false" FIELD="/method;2;0/localName;1;0">
  <DATA ENCODING="XMLValues" I18N="true">

<Values version="2.0">
  <value name="xml">calculateUnitPrice</value>
</Values>
</DATA>
</MAPSET>

<MAPSET NAME="Setter" OVERWRITE="true" VARIABLES="false" GLOBALVARIABLES="false" FIELD="/soapAction;1;0">
  <DATA ENCODING="XMLValues" I18N="true">

<Values version="2.0">
  <value name="xml"></value>
</Values>
</DATA>
</MAPSET>
</MAP>

<MAP MODE="OUTPUT">
  <COMMENT></COMMENT>

  <!-- nodes -->

<MAPCOPY NAME="Link" FROM="/header;2;0/requestLines;2;0" TO="/transportInfo;2;0/requestHeaders;2;0">
</MAPCOPY>

<MAPCOPY NAME="Link" FROM="/header;2;0/lines;2;0" TO="/transportInfo;2;0/responseHeaders;2;0">
</MAPCOPY>

<MAPCOPY NAME="Link" FROM="/header;2;0/status;1;0" TO="/transportInfo;2;0/status;1;0">
</MAPCOPY>

<MAPCOPY NAME="Link" FROM="/header;2;0/statusMessage;1;0" TO="/transportInfo;2;0/statusMessage;1;0">
</MAPCOPY>

<MAPDELETE NAME="Dropper" FIELD="/targetInputSignature;1;0">
</MAPDELETE>

<MAPDELETE NAME="Dropper" FIELD="/targetOutputSignature;1;0">
</MAPDELETE>

<MAPDELETE NAME="Dropper" FIELD="/request;2;0">
</MAPDELETE>

<MAPDELETE NAME="Dropper" FIELD="/soapAction;1;0">
</MAPDELETE>

<MAPDELETE NAME="Dropper" FIELD="/method;2;0">
</MAPDELETE>

<MAPDELETE NAME="Dropper" FIELD="/soapProtocol;1;0">
</MAPDELETE>

<MAPDELETE NAME="Dropper" FIELD="/encoding;1;0">
</MAPDELETE>

<MAPDELETE NAME="Dropper" FIELD="/header;2;0">
</MAPDELETE>
</MAP>
</INVOKE>

<BRANCH TIMEOUT="" SWITCH="/soapStatus">
  <COMMENT></COMMENT>

  <!-- nodes -->

<SEQUENCE NAME="0" TIMEOUT="" EXIT-ON="FAILURE">
  <COMMENT>The server successfully returned the results.</COMMENT>

  <!-- nodes -->

<MAP TIMEOUT="" MODE="STANDALONE">
  <COMMENT></COMMENT>

  <!-- nodes -->

<MAPCOPY NAME="Link" FROM="/response;2;0/ns0:calculateUnitPriceResponse;2;0" TO="/ns0:calculateUnitPriceResponse;4;0;MU007_USREGION_Pricing_v1.ContractPrice.sourceSAP.connectors.contractPrice_BWI.calculateUnitPrice_.docTypes:docTypeRef_ns0_confirmCalculateUnitPrice">
</MAPCOPY>

<MAPDELETE NAME="Dropper" FIELD="/response;2;0/ns0:calculateUnitPriceResponse;2;0">
</MAPDELETE>

<MAPDELETE NAME="Dropper" FIELD="/soapBody;2;0">
</MAPDELETE>

<MAPDELETE NAME="Dropper" FIELD="/address;1;0">
</MAPDELETE>

<MAPDELETE NAME="Dropper" FIELD="/header;2;0">
</MAPDELETE>

<MAPDELETE NAME="Dropper" FIELD="/soapStatus;1;0">
</MAPDELETE>

<MAPDELETE NAME="Dropper" FIELD="/soapData;3;0">
</MAPDELETE>

<MAPDELETE NAME="Dropper" FIELD="/SOAP-FAULT;2;0">
</MAPDELETE>

<MAPDELETE NAME="Dropper" FIELD="/soapAction;1;0">
</MAPDELETE>

<MAPDELETE NAME="Dropper" FIELD="/calculateUnitPriceResponse;2;0/auth;2;0">
</MAPDELETE>

<MAPDELETE NAME="Dropper" FIELD="/soapResponseData;3;0">
</MAPDELETE>

<MAPDELETE NAME="Dropper" FIELD="/wsdName;1;0">
</MAPDELETE>

<MAPDELETE NAME="Dropper" FIELD="/wsdOperationName;1;0">
</MAPDELETE>

<MAPDELETE NAME="Dropper" FIELD="/wsdBinderName;1;0">
</MAPDELETE>
</MAP>
</SEQUENCE>

<SEQUENCE NAME="$default" TIMEOUT="" EXIT-ON="FAILURE">
  <COMMENT>The server returned a SOAP fault.</COMMENT>

  <!-- nodes -->

<MAP TIMEOUT="" MODE="STANDALONE">
  <COMMENT></COMMENT>

  <!-- nodes -->

<MAPDELETE NAME="Dropper" FIELD="/soapBody;2;0">
</MAPDELETE>

<MAPDELETE NAME="Dropper" FIELD="/address;1;0">
</MAPDELETE>

<MAPDELETE NAME="Dropper" FIELD="/soapStatus;1;0">
</MAPDELETE>

<MAPDELETE NAME="Dropper" FIELD="/soapData;3;0">
</MAPDELETE>

<MAPDELETE NAME="Dropper" FIELD="/soapAction;1;0">
</MAPDELETE>

<MAPDELETE NAME="Dropper" FIELD="/;2;0/auth;2;0">
</MAPDELETE>

<MAPDELETE NAME="Dropper" FIELD="/soapResponseData;3;0">
</MAPDELETE>

<MAPDELETE NAME="Dropper" FIELD="/wsdName;1;0">
</MAPDELETE>

<MAPDELETE NAME="Dropper" FIELD="/wsdOperationName;1;0">
</MAPDELETE>

<MAPDELETE NAME="Dropper" FIELD="/wsdBinderName;1;0">
</MAPDELETE>

<MAPCOPY NAME="Link" FROM="/response;2;0/fault;2;0" TO="/fault;2;0">
</MAPCOPY>

<MAPDELETE NAME="Dropper" FIELD="/response;2;0/fault;2;0">
</MAPDELETE>
</MAP>
</SEQUENCE>
</BRANCH>
</SEQUENCE>
</BRANCH>
</SEQUENCE>
</FLOW>
