<?xml version="1.0" encoding="UTF-8"?>

<FLOW VERSION="3.0" CLEANUP="true">
  <COMMENT>Do nothing and exit if non-zero price</COMMENT>

  <!-- nodes -->

<BRANCH TIMEOUT="" LABELEXPRESSIONS="true">
  <COMMENT>Do nothing and exit if non-zero price</COMMENT>

  <!-- nodes -->

<EXIT NAME="%contractPrice% &gt;0" FROM="$flow" SIGNAL="SUCCESS" FAILURE-MESSAGE="">
  <COMMENT></COMMENT>
</EXIT>
</BRANCH>

<BRANCH TIMEOUT="" LABELEXPRESSIONS="true">
  <COMMENT></COMMENT>

  <!-- nodes -->

<EXIT NAME="%contractValueIndicator% = 'N' || %contractValueIndicator% = 'Z' || %contractValueIndicator% = 'X'" FROM="$flow" SIGNAL="SUCCESS" FAILURE-MESSAGE="">
  <COMMENT>Exit and do nothing if contract value indicator is N or Z or X</COMMENT>
</EXIT>

<EXIT NAME="$default" FROM="$flow" SIGNAL="FAILURE" FAILURE-MESSAGE="Contract value indicator not set to N for null or Z for zero price or negative price (%contractPrice%) is returned.">
  <COMMENT>Exit with error if contract value indicator not set correctly</COMMENT>
</EXIT>
</BRANCH>
</FLOW>
